,,Author,Date,Rating,Title,Review,"Author Url","Review Url",Summary
1,,"Nirved Vaishnaw",43583.132141204,5,"One of the best and simple, great investment app.","Groww provides best looking but very some and easy to use interface for the mutual fund investment. A person just study the prefect funds for investment and within 5 min he/she can invest in that particular fund easily.The investment directly goes to fund, Groww won't keep the money or any part of it. So who fears what would to their investment if ghe app is disappeared or stop working. Don't worry, you can get back your invested money from Indian clearing house using your folio number.Groww is simply mutual funds investment gone easy.",,https://itunes.apple.com/in/review?id=4069859105,"Average: 4.5 | Ratings total: 214491 | Rating 5: 183612 | Rating 4: 14724 | Rating 3: 3474 | Rating 2: 2384 | Rating 1: 10297"
2,,"Jayne  Thakur",43637.394259259,5,"Very fast and secure.","I downloaded Groww just a few days ago and now, since I've had the time to go over the main features of the app, I'd firstly like to say that it is very safe to use! Your personal data is encypted and there is no way it will be compromised by Groww. Second, investing has been very easy! After registering, SIP, buying or selling of mutual funds has been so easy to carry out. Everything is priced well, at low risks which is perfect for us investors, too! Lastly, my favourite feature of Groww is that you can check up on your investments and their performance. This has helped me make decisions for my investments. I'm more than satisfied with this app and see myself using it for a long time.",,https://itunes.apple.com/in/review?id=4346894177,"Average: 4.5 | Ratings total: 214491 | Rating 5: 183612 | Rating 4: 14724 | Rating 3: 3474 | Rating 2: 2384 | Rating 1: 10297"
3,,DebasisPanda,43711.121273148,4,"Quick and Easy Platform for Investment","This is one of my favorite app. I am totally satisfied with it. Still I feel there are opportunities for improvement. Hence I have given 4 rating. I feel they should work on the security features. I was able to login with my Google account and also by providing user Id (same as gmail)and a passport different from Gmail. It’s seems a flaw in the system. 2nd thing, while searching for mutual funds, you can only see growth funds not dividend/ dividend reinvestment fund options. Those should also be available on search.",,https://itunes.apple.com/in/review?id=4717976464,"Average: 4.5 | Ratings total: 214491 | Rating 5: 183612 | Rating 4: 14724 | Rating 3: 3474 | Rating 2: 2384 | Rating 1: 10297"
4,,Ri😀,43857.475590278,5,"Worst - Best experience","Lot of Application's in market on Mutual Fund's, The only reason for choosing Groww is just because heard a Gentlemen talking abt customer obsession and Groww In the event in Jaipur, I came up with an issue where, I was shuttled between the employees of Groww, for day's together,Then i decided i wish to delete my account and came to a person called MATIN, He was the person who was really concerned abt my issue and retaining me at any cost, Not only me, he retained the companies core value called ""Customer obsession""5Stars and still a Groww User just for him.",,https://itunes.apple.com/in/review?id=5454531890,"Average: 4.5 | Ratings total: 214491 | Rating 5: 183612 | Rating 4: 14724 | Rating 3: 3474 | Rating 2: 2384 | Rating 1: 10297"
5,,"nitin jaiman",43896.270925926,4,"No customer care line or chat support","We think that we won’t need to reach out to them since its just for mutual fund and is simple. Today yes bank got bankrupt and my 4 lakh money in groww account which was in yes bank is at stake. I don’t know if i will ever recover this money. At this time all i need to know is my options from groww but there is no way tk reach them, they don’t even reply. I wish i had not have chosen this company for mutual fund investment and rather have gone with a big company, even if they are charging some additional fees. With this review i want people to learn from my mistake and understand that we cannot trust such new companies for anything dealing with money",,https://itunes.apple.com/in/review?id=5622485564,"Average: 4.5 | Ratings total: 214491 | Rating 5: 183612 | Rating 4: 14724 | Rating 3: 3474 | Rating 2: 2384 | Rating 1: 10297"
6,,Andhereismythought,43935.424930556,1,"Utter chaos and ultimately loss making app","When I signed up, until I uploaded all the documents they kept reading me about it and once I uploaded they didn’t bother to do any KYC. But the dashboard didn’t show anything pending on my side. When I decided to checkout the app with a small amount, they waited until I transferred the money and then told me my ePAN cannot be accepted for KYC and kept my order pending. Note the NAV was around INR 27. Despite explaining on 2 calls they wouldn’t respect IT department directive that ePAN is equally valid. So I told them to refund the money, they replied we have initiated the refund and it will come back to account in 3 working days. Simultaneously another of their executive kept emailing me several times for me to email him the PAN scan.  I didn’t bother to reply as my refund was in progress as per the Team Lead who spoke last. Separately 2 days later I found the PAN scan and uploaded it in the app. Now suddenly on Monday 3 days after my request for refund, I receive a note saying the money has been sent to the Mutual Fund and units will be allocated in 3 or 4 days.  Finally the next day I receive a note saying I have been allocated x units @ NAV INR 29. Not only I had lost INR 2 per unit because of Groww’s mistakes and delays but also the cancellation that was initiated did not happen or they plainly lied to a customer. If this is how investors have to suffer at the hands of new age Brokers like Groww, I would rather desist from investing through such cheap apps. It’s funny their slogan is “proudly built in India for India.”  They are apparently in business from 2016. Maybe that’s their level of professionalism. But they should drag the country’s reputation along with it. I humbly request them to change their slogan.",,https://itunes.apple.com/in/review?id=5809581624,"Average: 4.5 | Ratings total: 214491 | Rating 5: 183612 | Rating 4: 14724 | Rating 3: 3474 | Rating 2: 2384 | Rating 1: 10297"
7,,Alishaykh,43960.349421296,1,"Worst Mutual fund Platform","I have been using Groww since a year I frequently check my Statements since beginning i found an error in statement the Invested amount is more than The amount Shown on Dashboard so i contacted Customer care they told it was a mistake they cleared error and I continued with SIP’s later i again noticed same error my investment is more than actual displayed amount i tried to contact customer care they responds once in 15 days with “ we will get back to you as earliest “ similar jumla they don't care about customer service they only want you money thats it.So i am trying to shift my investment to other platform but Groww is not responding anyhow ill manage to take my money from groww I request other not to to with this worst service provider your money will be at high risk and those who are using it please check your CAS and try to match with Groww StatementThanks",,https://itunes.apple.com/in/review?id=5922628061,"Average: 4.5 | Ratings total: 214491 | Rating 5: 183612 | Rating 4: 14724 | Rating 3: 3474 | Rating 2: 2384 | Rating 1: 10297"
8,,hulk2603xx,43997.56974537,1,"Its very bad and devastating","Literally you will have problems from the second you make a account . I recommend to not make an account in this application at any cost because once you make a Account you can never delete it . I have invested in mutual funds . And it never accepts your kyc ...even if you upload it 100 times . It accepted my kyc at the start and as soon as i invested some money in mutual funds , it rejects my KYC and my funds are stuck there with the company , i can neither withdraw or my mutual fund payment is processed. And even the customer service is very bad . There is no contact number for the customer service. All the messages you get from the service are automated. And what funny is ...the website don’t know for what reason just doesn’t work properly. If i had an option for rating 0 stars , that would be perfect for this application. Don’t create an Account.",,https://itunes.apple.com/in/review?id=6078916673,"Average: 4.5 | Ratings total: 214491 | Rating 5: 183612 | Rating 4: 14724 | Rating 3: 3474 | Rating 2: 2384 | Rating 1: 10297"
9,,MM-Mohit,44028.73150463,1,"Outdated share price","I am using this app for some time now and initially it was working fine. In last 2-3 weeks prices are not in sync with market and different views available within this app for an individual. On the dashboard screen it shows that I am in profit whereas if I go inside and try to sell that share it’s in red and in am in loss. If I still go ahead and click either on sell/buy it shows a different price. Now I am confused if I should really buy/sell that stock what will be my profit or loss in reality. There has been many instances where I skipped that transaction because I was not sure about the current price and impact on my holdings. If it continues like this I will have to close my account and move to any other firm.",,https://itunes.apple.com/in/review?id=6205685419,"Average: 4.5 | Ratings total: 214491 | Rating 5: 183612 | Rating 4: 14724 | Rating 3: 3474 | Rating 2: 2384 | Rating 1: 10297"
10,,UzBubbah,44181.625706019,2,"I don’t feel safe","There are so many UX and Customer Service issues with this app, that it’s hard to know where to even begin. Money inexplicably disappears, transactions fail without any announcement to the user, and any problem can only be solved by a slow and lengthy Support process. The only thing that is instant in this app is when you’re spending money in it. For everything else, there is a turnaround time. For reference, there is a large sum of money, roughly about half my monthly salary, that this app is holding hostage. There is no place in the app where you can see where this money is, the app shows zero balance. The only place where there is a mention of it is the Customer Support chat. I took several screenshots of that. I don’t trust Groww. I am losing trust in this app, and trying to figure out how to migrate my assets to another app. I recommend you avoid this app if you value your earnings.",,https://itunes.apple.com/in/review?id=6759630676,"Average: 4.5 | Ratings total: 214491 | Rating 5: 183612 | Rating 4: 14724 | Rating 3: 3474 | Rating 2: 2384 | Rating 1: 10297"
11,,"Bitan Basak",44181.667060185,4,"I just love the Interface","The main advantage of Groww is its easy to use, fantastic UI, easy to setup. Just love the app.Just a few feature suggestions:1) Implement stocks search  in such a way so that the current price, increase/decrease along with percentages are visible in the search results itself (like Paytm money). Currently we have to click on search result to view that which is an extra and avoidable step. 2) It keeps logging me out every day. I have to login every morning which is cumbersome. Additionally it does not save my dark mode settings with my email id. Every time I login I have to enable dark mode again.",,https://itunes.apple.com/in/review?id=6759804501,"Average: 4.5 | Ratings total: 214491 | Rating 5: 183612 | Rating 4: 14724 | Rating 3: 3474 | Rating 2: 2384 | Rating 1: 10297"
12,,egvis,44212.673298611,1,"Pathetic app.... never install","These guys are too crook.... everything including PAN Card is verified when it is installed. It works perfectly fine...Then while adding money as well as during investment, they are very proactive and investment is all done within fraction of seconds. Now comes the twists in the tale... when u intend to withdraw your money.... like me... firstly, it shows min 3/4days for money to be transferred to bank, thereafter, at the last stage they show true colour by giving thousands of reasons as why it can’t be done. Like in my case where error was shown as mismatch of pan no. How can it be practically possible when all verification was done and money was also accepted using the same pan no. At least be intelligent to give a genuine looking issue. Inspite of four continues attempts in last 10 days, I’m unable to withdraw my money. when the issue was informed to the Support team by raising ticket in the same day of first instance, reply come after 3 days. Reply’s are all dummy, standard one liners... we are looking into it... will be resolved soon... etc. This app seems to be a big hoax.... request all to withdraw your valuable cash if already installed and uninstall this app. Else for those intending to install, don’t do this blunder. I intend to raise this issue legally and shown them their place.",,https://itunes.apple.com/in/review?id=6877210386,"Average: 4.5 | Ratings total: 214491 | Rating 5: 183612 | Rating 4: 14724 | Rating 3: 3474 | Rating 2: 2384 | Rating 1: 10297"
13,,ejhffhsj,44299.08025463,1,"Worst app","Such a bad app, they have technical breakdown during the trading time. I had bought shares in intraday trading and I had received the delivery message but the shares were not reflected in my dashboard for around 2 hours due to this I couldn’t sell those share as it was making loss. When I reported this to the team , they casually ignored saying that it was technical breakdown and it was restored within few time( 2 hours is few time for them) in this much time any one can have huge loss.After 2 hours when the shares reflected in my dashboard I had to sell those shares for loss. Be careful guys this can happen to anyone and u will have to bear huge loss( maybe be in thousand or lacks if the market is volatile). Better you use upstox or Zerodha",,https://itunes.apple.com/in/review?id=7216001006,"Average: 4.5 | Ratings total: 214491 | Rating 5: 183612 | Rating 4: 14724 | Rating 3: 3474 | Rating 2: 2384 | Rating 1: 10297"
14,,"Vaishnavi KB",44321.307337963,1,"Worst customer service and processing time","I have been trying to upload my renewed PAN card as my earlier PAN card was not matching with the details and other document as the PAN was on my maiden name. After submitting all the necessary documents through email thrice, on the app it was showing Esign error. When asked about it to customer care team, they requested to try after 2-3 working days with the link that will sent through email from their end. Few days later I did not receive any email from the team, when contacted for a link to complete the process, they are now asking to submit another document as a proof which they could have mentioned before but did not. This shows clear signs of poor customer service and coordination within team. Wrote a review here as clearly contacting their customer service is just a waste of time.",,https://itunes.apple.com/in/review?id=7300033560,"Average: 4.5 | Ratings total: 214491 | Rating 5: 183612 | Rating 4: 14724 | Rating 3: 3474 | Rating 2: 2384 | Rating 1: 10297"
15,,"Romesh Jeswani",44337.511944444,1,"Worst service and not trustworthy","I don’t know if anything going to happen if i post a review but i would suggest the new persons don’t go for groww infact you can go for the companies which are old and trustworthy because of some differences in brokerage we are going for the new companies like Groww and after that regretting why we left that and came for this because there is no safety, no proper service, no customer support, no contact details and main important thing there is no complaint number on which we can raise a ticket or issue and another important thing they don’t have the relationship managers with whom we can discuss the issues so its better to go for the old companies where we can trust that our details and shares will be safe but not in this kind of fraud companies.",,https://itunes.apple.com/in/review?id=7369812055,"Average: 4.5 | Ratings total: 214491 | Rating 5: 183612 | Rating 4: 14724 | Rating 3: 3474 | Rating 2: 2384 | Rating 1: 10297"
16,,MahPra123,44366.154259259,5,"Groww is great app for funds growth","Groww app is an excellent tool for managing your stocks, mutual funds & SIP. The graphical interface is so simple, lite & clutter free. You get all the information about a stock or funds on the same tool. It also has the option to pull the data of mutual funds or SIP from any other vendors. Plus, it offers the option to track and analyse the funds. It also has the option to switch to direct funds from regular funds and save lots of money in the long run. I just love it.",,https://itunes.apple.com/in/review?id=7480714189,"Average: 4.5 | Ratings total: 214491 | Rating 5: 183612 | Rating 4: 14724 | Rating 3: 3474 | Rating 2: 2384 | Rating 1: 10297"
17,,"Vikas Pal Thane",44377.83474537,5,"Very Fast & Secured","I downloaded Groww just a few days ago and now, since I've had the time to go over the main features of the app, I'd firstly like to say that it is very safe to use! Your personal data is encypted and there is no way it will be compromised by Groww. Second, investing has been very easy! After registering, SIP, buying or selling of mutual funds has been so easy to carry out. Everything is priced well, at low risks which is perfect for us investors, too! Lastly, my favourite feature of Groww is that you can check up on your investments and their performance. This has helped me make decisions for my investments. I'm more than satisfied with this app and see myself using it for a long time.",,https://itunes.apple.com/in/review?id=7524304395,"Average: 4.5 | Ratings total: 214491 | Rating 5: 183612 | Rating 4: 14724 | Rating 3: 3474 | Rating 2: 2384 | Rating 1: 10297"
18,,Closet_sherlock,44416.227650463,5,"Brilliant tool for learning & building your portfolio","I’ve been a user for couple of months now & have been pleasantly surprised by the amount of analysis and learning’s you can gain from the app, the UI is catchy and very well designed, everything from dashboards to opening the account process are well refined and integrated seamlessly together. Would definitely recommend this to anyone starting their investment journey.One issue for the developers though: I’ve tried multiple times to get my already invested mutual funds integrated in the app but the process just has been stalling at “request confirmed” stage since a week now, if anyone from the team can help me with this it’d be great!",,https://itunes.apple.com/in/review?id=7667882725,"Average: 4.5 | Ratings total: 214491 | Rating 5: 183612 | Rating 4: 14724 | Rating 3: 3474 | Rating 2: 2384 | Rating 1: 10297"
19,,ShilpaMattoo,44432.23369213,1,"Poorly conceived","Amazed to see such ratings for the app. The customer service and response time to resolve grievances are extremely poor and time consuming. I started my first investment with Groww by investing through Groww balance. The order got canceled by AMC after repeated follow up with Groww for my investment. The amount has not been refunded even after passage of more than 20 days since the transaction was done first.Setting up one time mandate on Groww is even more tiring and difficult. I have uploaded one time mandate form more than 5 times now but still it is being rejected citing form cropping issues which are totally absurd.I recommend people to choose other platforms for setting up their SIPs into AMC rather than using Groww. Total waste of time and resource.",,https://itunes.apple.com/in/review?id=7727923274,"Average: 4.5 | Ratings total: 214491 | Rating 5: 183612 | Rating 4: 14724 | Rating 3: 3474 | Rating 2: 2384 | Rating 1: 10297"
20,,Shrienk,44448.912268519,5,"Great app for investing in Mutual Funds","I’ve been using Groww for over a year now and it’s been a great journey so far. Investing is painless, whether it’s lumpsum or SIPs. The SIP setup process was smooth as well. I also love the tracking external funds feature as it allows me to track all my investment in a single dashboard. If I had to nit-pick, the tracking external funds process is a bit buggy at times. And sometimes the payment fails randomly. But otherwise, kudos to the app developers for such a great UX. Getting uptodate details around Holdings, pros and cons (especially for breakfast funds) is sometimes difficult. But all in all great endorsement from my end.",,https://itunes.apple.com/in/review?id=7788997377,"Average: 4.5 | Ratings total: 214491 | Rating 5: 183612 | Rating 4: 14724 | Rating 3: 3474 | Rating 2: 2384 | Rating 1: 10297"
21,,crakskull,44475.317071759,5,"Groww UI is awesome","Thanks team for adding some of the missing features in recent updates. Multiple watchlist was an awesome feature.Feature request:When a stock is added to watchlist and when I view the watchlist, I can see there is a blank space below the company name. What are the chances that space can be used to add “customs note”. It’s a real handy aid in certain scenarios like if I have a target sell or buy price in mind when I add a stock to watchlist I can comment it and the numbers are up to refer in one glance.",,https://itunes.apple.com/in/review?id=7883544451,"Average: 4.5 | Ratings total: 214491 | Rating 5: 183612 | Rating 4: 14724 | Rating 3: 3474 | Rating 2: 2384 | Rating 1: 10297"
22,,"Badass Sexy",44588.287581019,4,"Addition in the app","I’ve been using the app from past 2 years. I’d be nice if these few additions can be done to the app. 1. A tool to show our holding split vide a graph in percentages wise. 2. Our holdings market cap wise. For eg- Large cap, Small Cap, etc. 3. Sector Split of all investments as it really helps to keep a track of where to invest more and where to limit our investment. All these tools are available on Paytm money, Ind money and you can see them for reference. I don’t want to switch so suggesting that these changes be brought to keep grow in the game.",,https://itunes.apple.com/in/review?id=8287428891,"Average: 4.5 | Ratings total: 214491 | Rating 5: 183612 | Rating 4: 14724 | Rating 3: 3474 | Rating 2: 2384 | Rating 1: 10297"
23,,Prateek06,44600.196111111,1,"Worst User Experience","Just 3-4 days before you gave an update claiming that bugs and technical issues will not happen. From the morning to till now I’m unable track my transactions. So I removed the app to reinstall it and every time I try to download the app the message pops up we are facing a temporary problem. I mean what kind of pathetic service is this. I’m investing through your app, Just because of your temporary problems which is occurring on a regular basis nowadays I can face a huge financial loss. Is this the way to handle your customers and their savings or investment. From last 1 year I’m using this app and suggested many of my friends, but because of regular pathetic service soon I’ll remove all of my savings from it and shift to another platform.Thanks",,https://itunes.apple.com/in/review?id=8331494280,"Average: 4.5 | Ratings total: 214491 | Rating 5: 183612 | Rating 4: 14724 | Rating 3: 3474 | Rating 2: 2384 | Rating 1: 10297"
24,,"Anagha Anilkumar",44744.797731481,1,"Fraud App","I had 15k added to my wallet. And I saved it there cause I was unable to set up autopay. And later next month, I withdrew 5000 from the wallet. It said it will take 3-5 working days. I noticed the wallet balance was 10k. I waited patiently for 7 working days. No money was sent to my account. I immediately contacted the customer care. THEWORST CUSTOMER SERVICE TEAM I EVER CAME ACROSS. I explained them everything in detail and they promised me they will find a solution to my problem. Next day I got a mail from the team that the 10k in my account was transferred to my account and that the transaction is complete. I was in complete shock. The 5k I withdrew, didn’t touch my account. It was a painful journey from there. After writing several emails, I lost my cool. These guys were so stubborn and claimed that the money is sent to my account. I cried, cussed and begged for help. Still the response was the same. I had to let go of 5000 INR. Guys, trust me, this app is fraud. And don’t trust the rating. It’s not true. If you are someone who value money, don’t use this app. It’s a scam.Edit: I saw your response. And I am talking about the money I added it to the wallet. Why and where did my 5000 gone? Is it as per SEBI regulations that you deducted that from my account??",,https://itunes.apple.com/in/review?id=8833911509,"Average: 4.5 | Ratings total: 214491 | Rating 5: 183612 | Rating 4: 14724 | Rating 3: 3474 | Rating 2: 2384 | Rating 1: 10297"
25,,thana_rahul,44790.226782407,1,"Worst behaviour on mutual funds order","There are taking money and not processing for mutual funds nowadays. Simply blaming by stating Its issue from BSE end. Even though bse takes delay these Groww doesn’t care about timelines and SLA. They are not even processing my orders as well they are not doing refund also. Have raised multiple cases and everything still there are mentioning wait for 4 business days. Ky actual transaction date is 2 nd aug. Its more than 15 days now. Really they need to do something. And i can see most of the people facing same issue. Let together raise our voice here and get it fixed bcoz end of the day its our money. I thought of giving zero stars but unfortunately the option isn’t available.",,https://itunes.apple.com/in/review?id=8986853821,"Average: 4.5 | Ratings total: 214491 | Rating 5: 183612 | Rating 4: 14724 | Rating 3: 3474 | Rating 2: 2384 | Rating 1: 10297"
26,,"Rahul Prabhu",44804.645150463,5,"Please add a feature of selling all holdings at once","Dear Team,I love your app as it comes, however i have a small suggestion. In the dashboard please enable a feature which will allow the user to sell his all holdings in a particular stock in one go without having to type his available quantity manually. This is very handy if you are holding an odd numbered quantity of a particular stock and want to exit the stock at the earliest possible. Hope you get it. Nevertheless the app is beautiful and keeps working on it! Cheers to Groww!",,https://itunes.apple.com/in/review?id=9038131780,"Average: 4.5 | Ratings total: 214491 | Rating 5: 183612 | Rating 4: 14724 | Rating 3: 3474 | Rating 2: 2384 | Rating 1: 10297"
27,,dora18101990,44810.788344907,4,"Logging out automatically after few hours from mobile app","The app is very good but there is some issue in ios app. I am logged in using different id other than gmail. I have to login multiple times in a day which is very irritating. Please fix this issue and if it is not then make changes so that it becomes easy for users to access it because it is difficult to login every time you want to check on stocks. I would have given 5 starts but due to this issue I have to give 1 start less",,https://itunes.apple.com/in/review?id=9058866954,"Average: 4.5 | Ratings total: 214491 | Rating 5: 183612 | Rating 4: 14724 | Rating 3: 3474 | Rating 2: 2384 | Rating 1: 10297"
28,,Ranjanjdas88,44827.678449074,1,"Fraud organisation","I am frustrated and writing this so that new customers do not fall in this pathetic trap of Groww. U add your money, you buy shares  till that everything is fine. But once a payment gets failed and your money got deducted, they give 0% interest in helping you. No matter how much you try to reach their customer service, they will reply a message in same format everytime like we will refund your amount very soon and thats it. Finally you will get so much frustrated that you gonna search another app to invest and forget your refund. I wonder how come they are running this huge customer. Even if you check their twitter page, you gonna find lots of complains from customer. There is one customer whose 3lakh is stuck and groww is doing nothing.",,https://itunes.apple.com/in/review?id=9113947258,"Average: 4.5 | Ratings total: 214491 | Rating 5: 183612 | Rating 4: 14724 | Rating 3: 3474 | Rating 2: 2384 | Rating 1: 10297"
29,,sagarOceanix,44836.489155093,4,"Needs Performance improvement","The app is simple and easy to work with but i often run into few problems which are :  1) it switches to dark mode any time of the day automatically and sometimes does it in a weird way where information becomes hard to read. 2) Investments dashboard doesn’t smoothly load, many times it fails to load. Lastly one suggestion! When i go from investments dashboard to a stock and if after watching the stock i press back it takes me to home page rather than to my investments page.",,https://itunes.apple.com/in/review?id=9143268716,"Average: 4.5 | Ratings total: 214491 | Rating 5: 183612 | Rating 4: 14724 | Rating 3: 3474 | Rating 2: 2384 | Rating 1: 10297"
30,,"Dillon E D",44968.25337963,1,"Useless customer service","It's been days since I've been following up with them both through emails and via the app. My KYC was completed a long time back but whenever I try to invest in mutual funds I get an error message saying I need to wait for my KYC to complete and then invest. Their team came back to me with verification that my KYC was completed. I am able to invest in stocks but can't start an SIP because of the error it keeps giving me on the mutual funds section. Tickets have been raised and I've followed up multiple times yet no response. If they don't get this resolved in a day or two iam going to take my investments elsewhere this was a waste of time. Solve my issue and I may consider changing the rating.",,https://itunes.apple.com/in/review?id=9605361531,"Average: 4.5 | Ratings total: 214491 | Rating 5: 183612 | Rating 4: 14724 | Rating 3: 3474 | Rating 2: 2384 | Rating 1: 10297"
31,,Addhyan2910,45051.393900463,1,"Worst app","Hi i have used this app for couple of months..initially it was good..there was no lag in execution of orders..but later on one day it gave me a loss of 1lac rupee just because of a glitch…there was no pending order showing when i kept my mobile aside…but in the evening i saw the loss i was out of my emotions..due to a glitch the app didnt cancel the order and it kept running…Thats on one day…later on i saw that this app has too much latency during execution of order due to which i get less profit when your order is not placed exactly on time and more loss after hitting stop loss… even after updating so many times giving this lag..due to which i now stoped trading in it.Thats all is my experience..app is not good for scalp trading…may be good for long term trading.",,https://itunes.apple.com/in/review?id=9894522718,"Average: 4.5 | Ratings total: 214491 | Rating 5: 183612 | Rating 4: 14724 | Rating 3: 3474 | Rating 2: 2384 | Rating 1: 10297"
32,,gouru9999,45067.538668981,1,"Chart doesn’t open","In the beginning grow app was good I’m using so may new thing I have learn so many new thing once I’m trading options and future everything is going good but when my chart don’t open I send the mail to grow team but they guys don’t do anything first they tell me please delete the app and reinstall it. I’ll do everything then they tell me send us the video what is showing in your screen I’ll send the video. After this mail they send me the mail everything is good please check your app we fix the problem, but when I check the app chart still not open. So I’ll send the mail again but they don’t reply anything. So if any one using this app so first check everything coz the grow team don’t reply your mail and they don’t resolve your problem. One thing they ever time tell send the video what issue you have.",,https://itunes.apple.com/in/review?id=9950287987,"Average: 4.5 | Ratings total: 214491 | Rating 5: 183612 | Rating 4: 14724 | Rating 3: 3474 | Rating 2: 2384 | Rating 1: 10297"
33,,ritik_saxena,45069.416747685,1,"Unprofessional UI UX","The new UI is highly unprofessional. The holdings and positions and orders tabs appear so small as if they're informative options to explore. The dashboard button is so small. The tabs that show me my dear earnings should atleast have a high visibility presence. The UI has become very unintuitive with the new update. Watchlists are shown in the same sequence of tabs as Orders, Positions etc. there is no distinction. The stock prices are not updated instantaneously. If I'm waiting for the stock price to hit a certain number before I Sell it, I cannot monitor the price from the Page that opens when I click on Sell which prompts from price and quantity. It DOES NOT refresh instantly. I have to reload the page sometimes or even quit the page and monitor the price from the dashboard itself. I usually end up monitoring the price on Kite in parallel as it loads very instantaneously.",,https://itunes.apple.com/in/review?id=9956566447,"Average: 4.5 | Ratings total: 214491 | Rating 5: 183612 | Rating 4: 14724 | Rating 3: 3474 | Rating 2: 2384 | Rating 1: 10297"
34,,"Adi Oz",45081.654131944,3,"Needs improvement","I saw this app on the phone of a colleague and decided to download it as the UI looked clean and the options & calculators looked helpful. However, I encountered the same problem as any other Indian app which being, they rush to collect user data and get people to sign up without giving necessary information in the beginning. Main issue being, I am an NRI living in India currently and apparently this app doesn’t support NRI investing at the moment. This pop up - not really a pop up, it’s a small foot note which could have been easily missed or overlooked - only came after the app collected pretty much all KYC info like my PAN, email, phone number, Aadhar and now I am stuck at the signature screen. The most frustrating part is, there is no option to cancel the registration and delete my personal data or go back to main screen. I would be thankful if the developers can come up with a solution for this.",,https://itunes.apple.com/in/review?id=9998790327,"Average: 4.5 | Ratings total: 214491 | Rating 5: 183612 | Rating 4: 14724 | Rating 3: 3474 | Rating 2: 2384 | Rating 1: 10297"
35,,1oonu,45092.610590278,5,Brifing,"Groww is an investment app that allows users to buy and sell stocks, mutual funds, and other financial products. It is one of the most popular investment apps in India, with over 10 million users. Groww offers a number of features that make it a good choice for investors, including zero-commission trading, a user-friendly interface, and educational resources. However, it is important to note that Groww is not a financial advisor and cannot provide personalized investment advice. Investors should always do their own research before making any investment decisions.",,https://itunes.apple.com/in/review?id=10036510833,"Average: 4.5 | Ratings total: 214491 | Rating 5: 183612 | Rating 4: 14724 | Rating 3: 3474 | Rating 2: 2384 | Rating 1: 10297"
36,,SharmaChaits,45135.284988426,1,"Terrible customer service","The app in general is good. Good interface easy to understand etc. But as they say, true test is when things go wrong and these guys are horrible at handling issues. Their chat assistance has a banner saying they will take 30 or 55 minutes depending on the time to respond. However if you miss their reply and don’t respond in a minute or two they will close your case. Then you have to go through the whole process again. Their agents are like bots, no matter how many times you explain in different ways they will have a standard reply. Which means you will never get a real solution and wait and leave everything in Gods hands till things take their own sweet time and resolve itself. Now imagine some issue and if you have lakhs stuck with them, you are finished. Avoid this app like plague",,https://itunes.apple.com/in/review?id=10190538816,"Average: 4.5 | Ratings total: 214491 | Rating 5: 183612 | Rating 4: 14724 | Rating 3: 3474 | Rating 2: 2384 | Rating 1: 10297"
37,,BBBRenaissance,45166.163287037,1,"Incorrect Average holding price","The average stock price shown in the portfolio is incorrect. I made various meaningful conversations and mails but no use.I want all of you to check the average value of a  particular stock or portfolio of your holding. Groww team is so confident that in our portfolio average, they also consider intraday transactions of that and show the average price.Ideally the average portfolio value shouldn’t be using the intraday buy orders but Groww does and they argue it is correct and refer everything to SEBI or RBI norms.Here is an example  :Why is Groww platform showing incorrect average price without following FIFO? Please see the mail attached and share your commentsExample: The following are the transactions in sequence for Same Share/Stock in the same day:Buy 1 qty at 100 INR at 10:00amSell 1 qty at 95 INR at 10:30 amBuy 1 qty at 90 INR at 11:00 am and take delivery of this 1 qty.Groww shows average buy price is 95 instead of 90 INR. Why is intraday transaction buy value considered to show the average holding value of stock? Why would anyone average intraday and holding value to show average buy value of a stock?",,https://itunes.apple.com/in/review?id=10307062962,"Average: 4.5 | Ratings total: 214491 | Rating 5: 183612 | Rating 4: 14724 | Rating 3: 3474 | Rating 2: 2384 | Rating 1: 10297"
38,,"shridhar Bk",45167.21818287,3,"App speed","Groww is an investment app that boasts a great user interface, making it easy for users to navigate and invest. However, the overall experience is marred by persistent speed issues on both the app and web versions. This slowdown significantly impacts the user experience and can lead to potential losses due to delayed order placement.One of the most frustrating aspects of Groww is the slow order placement process. It takes an unacceptably long time to execute orders, which can be especially problematic in a fast-paced market where timing is critical. The delays can result in unfavorable price changes, leading to financial losses and additional charges.While it's commendable that Groww releases regular updates, it's disappointing that these updates have not addressed the core issue of speed. Users would likely appreciate more substantial improvements in this area.",,https://itunes.apple.com/in/review?id=10310790136,"Average: 4.5 | Ratings total: 214491 | Rating 5: 183612 | Rating 4: 14724 | Rating 3: 3474 | Rating 2: 2384 | Rating 1: 10297"
39,,Kaniz10,45174.472037037,1,"Disappointing Experience with Groww App","I must express my extreme disappointment with the Groww app. It has been nothing but a frustrating experience since I started using it. Here are some of the issues I've encountered:1. **Technical Glitches:** The app frequently crashes and freezes, making it almost impossible to perform even basic tasks like checking my portfolio or placing orders.2. **Slow Updates:** The market data on the app is often delayed, making it unreliable for real-time trading or tracking investments accurately.3. **Limited Features:** Groww lacks many essential features that other investment apps offer, such as advanced charting tools, options trading, and in-depth research capabilities.4. **Customer Support:** When I faced issues and tried to reach out to customer support, I received slow and unhelpful responses, leaving me feeling unsupported as a user.Overall, my experience with the Groww app has been frustrating and unsatisfactory. I would not recommend it to anyone serious about managing their investments effectively.",,https://itunes.apple.com/in/review?id=10336290561,"Average: 4.5 | Ratings total: 214491 | Rating 5: 183612 | Rating 4: 14724 | Rating 3: 3474 | Rating 2: 2384 | Rating 1: 10297"
40,,"Bibhu Arya",45185.032627315,1,"Delayed Unit Allotment Negates Convenience: My Final Investment on Groww","I specifically came here to share my experience because the app prompted me for a review. However, it appears that if you rate the app lower, they hide the submit review button just below the screen, making it difficult to submit.Now, let's get to the real reasons for my lower rating. All payment-related processes, such as purchasing mutual fund units, setting up auto-pay, and linking your bank account, are executed swiftly. However, the real problem arises when it comes to unit allotment, which takes a frustratingly long 5-6 days. In the fast-paced stock market, every day matters, and you can't predict what might happen tomorrow. Even if you've conducted thorough research before investing, it becomes almost useless.Regrettably, this will be my last investment on Groww.",,https://itunes.apple.com/in/review?id=10372446641,"Average: 4.5 | Ratings total: 214491 | Rating 5: 183612 | Rating 4: 14724 | Rating 3: 3474 | Rating 2: 2384 | Rating 1: 10297"
41,,Bajwaraman,45207.213935185,1,"Worst app and very poor service","Very very worst app this I never seen this kind of kind of app in my life… without my permission they withdraw amount in my bank account and I called customer care after a long hold they said said sir we can’t do anything from side we have to do by you.. and I tried many time to cancel the request in app but i said this very very worst app I unable to cancel the withdrawal request.. and I shared mailed with screen shot but there still saying BIG NO sorry we can’t do anything. Worst app and very poor customer service. I shared my feedback here please don’t use this worst app otherwise you will also face the same issue like me. If any anyone proof let me know I’ll share you the screen shot.",,https://itunes.apple.com/in/review?id=10451015956,"Average: 4.5 | Ratings total: 214491 | Rating 5: 183612 | Rating 4: 14724 | Rating 3: 3474 | Rating 2: 2384 | Rating 1: 10297"
42,,"Dp mc",45223.172025463,5,"First and best app","I started my trading journey with Groww and it is very easy to use, informative too. It provides OD limit facility to its premium members, which we can close anytime. To maintain liquidity. We do not have to carry much money into our bank acc , just withdrawn with on click, comes within one minute and can be repaid full anytime.Further, They provide complete picture of MF in simple manner, full analysis which makes us chose the best. I also tried other app after some friends recommendations but i rate this app much better than others.",,https://itunes.apple.com/in/review?id=10509084038,"Average: 4.5 | Ratings total: 214491 | Rating 5: 183612 | Rating 4: 14724 | Rating 3: 3474 | Rating 2: 2384 | Rating 1: 10297"
43,,mr.ashishsolanki,45227.398460648,3,Interface,"The only thing I don’t like about Groww is that they don’t provide the console section, which Zerodha offers. If you use Zerodha, you can see your portfolio distribution, meaning the percentage of holdings you have in a particular stock. This feature is very useful. Also, you can see in which sector you have invested most of your money. So, the interface of that console feature in Zerodha is amazing. However, the only thing I don’t like about Groww is that they don’t provide these types of features. If they could offer a console-like feature or something similar, it would be amazing. Retail investors could then see their holding percentages in different stocks or sectors. These are the kinds of features I would highly recommend to the Groww team.",,https://itunes.apple.com/in/review?id=10523773139,"Average: 4.5 | Ratings total: 214491 | Rating 5: 183612 | Rating 4: 14724 | Rating 3: 3474 | Rating 2: 2384 | Rating 1: 10297"
44,,"Chandra sekhar1122",45275.744895833,1,"POOR CUSTOMER SERVICE","I have been trying to upload my renewed PAN card as my earlier PAN card was not matching with the details and other document as thePAN was on my maiden name & Date of birth mistake After submitting all the necessary documents like old & new PAN & aadhar & original affidavit along with modification form through email & Offline courier  thrice, they are asking now another Documents When asked about it to customer care team, they requested to try after 2-3 working days with the link that will sent through email from their end. Few days later I did not receive any email from the team, when contacted for a link to complete the process, they are now asking to submit another document as a proof which they could have mentioned before but did not. This shows clear signs of poor customer service and coordination within team.Wrote a review here as clearly contacting their customer service is just a waste of time.",,https://itunes.apple.com/in/review?id=10697806608,"Average: 4.5 | Ratings total: 214491 | Rating 5: 183612 | Rating 4: 14724 | Rating 3: 3474 | Rating 2: 2384 | Rating 1: 10297"
45,,"Pavan Manikanta",45314.179525463,4,"Good application","The Grow app is an exceptional tool that has helped me tremendously in managing my daily tasks and boosting productivity. The app's user interface is sleek and intuitive, making it easy to navigate and use. One of the standout features of the Grow app is the ability to set and track goals, which has helped me stay on track and motivated. The app also offers a wide range of customization options, allowing me to tailor it to my specific needs. Overall, I highly recommend the Grow app to anyone looking to improve their productivity and organization skills. I am happy with it. Sometimes the app crashes, this is not going to be good for intratade. Thank you 😊",,https://itunes.apple.com/in/review?id=10853530804,"Average: 4.5 | Ratings total: 214491 | Rating 5: 183612 | Rating 4: 14724 | Rating 3: 3474 | Rating 2: 2384 | Rating 1: 10297"
46,,shubham_dm,45320.313287037,1,"Not a reliable organisation anymore.","We all are aware of the dynamic markets we have as of now, the price can go up in minutes and come down in seconds… And with all of these circumstances I have been facing so much carelessness with Groww. Stocks money not getting credited within half hour as promised, no fruitful help from customer support (they always tend to run from problems), hidden charges from nowhere (not a trace been left of why my account went in minus just after I sold a stock, later on they mixed it with the transaction and stock price), and so on… I have plenty of reasons to switch to any other platform, and this time, I will… Groww must shame on itself after this much of carelessness with investors trust hard earned trust.",,https://itunes.apple.com/in/review?id=10876497863,"Average: 4.5 | Ratings total: 214491 | Rating 5: 183612 | Rating 4: 14724 | Rating 3: 3474 | Rating 2: 2384 | Rating 1: 10297"
47,,"Pramod Kadam 1",45424.190335648,1,"Worst user experience with lack of customer communication","I had purchased SIP on Groww. Order has placed successfully but SIP got rejected as Re-KYC not completed. I have completed the same as well. Now I have to again purchase the SIP post LYC update. My simple question to Groww, if you are aware my KYC needs to be recaptured then why you had executed my order. Have asked the same with customer care executive but that lady is not having these answers and when I had asked for the refund, she said it will take 7-10 working days. Nowadays government entities are refunding the money within 72 hours Now I don’t want to continue to invest. Request to please refund my money and let me know the process of delete the account",,https://itunes.apple.com/in/review?id=11258089658,"Average: 4.5 | Ratings total: 214491 | Rating 5: 183612 | Rating 4: 14724 | Rating 3: 3474 | Rating 2: 2384 | Rating 1: 10297"
48,,"Krish Potanwar",45482.217951389,1,"Frustrating Experience with Mobile Number Update","I’ve been trying to update my mobile number on the Groww app for the past two months, but despite multiple attempts and contacting customer support several times, my number still hasn’t been changed. The process seems unnecessarily complicated and slow. Each time I reach out, I get the same generic responses without any real resolution. This is extremely frustrating, especially when timely updates are crucial for account security and receiving important notifications. Groww really needs to streamline this process and improve their customer service. Disappointed with the lack of efficiency and responsiveness.",,https://itunes.apple.com/in/review?id=11471969415,"Average: 4.5 | Ratings total: 214491 | Rating 5: 183612 | Rating 4: 14724 | Rating 3: 3474 | Rating 2: 2384 | Rating 1: 10297"
49,,nddubey608,45484.520162037,1,"Extremely Poor Customer Service and Refund Issues","I am extremely disappointed with the customer service at Groww. There is no option to set up auto-pay, which is a basic feature that should be available. I ended up paying twice for the same SIP, and when I reached out for a refund of the extra amount, no one bothered to respond.It's been around four days now with no acknowledgment or resolution from the Groww customer team. This lack of response and support is unacceptable. I expected better from a reputed platform like Groww. I hope this issue gets resolved soon and Groww improves its customer service and introduces essential features like auto-pay setup.",,https://itunes.apple.com/in/review?id=11480515036,"Average: 4.5 | Ratings total: 214491 | Rating 5: 183612 | Rating 4: 14724 | Rating 3: 3474 | Rating 2: 2384 | Rating 1: 10297"
50,,Erickdhalla,45497.77287037,5,"Great investment app","I've been using the Groww app for a while now, and it's been a game-changer for me. The interface is super easy to use, even if you're just starting out with investing. They offer a variety of options like stocks and mutual funds, which is awesome.What really stands out to me are the educational resources. The articles and tutorials are really helpful and have taught me a lot about investing. Plus, the customer support team is very responsive and always ready to help.The real-time data and analytics are spot on, which makes it easier to make informed decisions. I also feel safe using the app since they seem to take security seriously.Overall, Groww has been a great experience and has definitely helped me get more confident with my investments. I highly recommend it to anyone looking to start or improve their investment journey!",,https://itunes.apple.com/in/review?id=11530438980,"Average: 4.5 | Ratings total: 214491 | Rating 5: 183612 | Rating 4: 14724 | Rating 3: 3474 | Rating 2: 2384 | Rating 1: 10297"
51,,Sanger1106,45508.704398148,1,"Worst  trading Experience","I am facing several tech issue i have informed several time to their Support even ask for Help on Twitter but still no Resolution.  Neither their app is showing proper positions in Future and Options or Not showing executed position on F&O Worst part is now i am unable to search for Stock futures showing wrong Calculations in Positions section. I am trying to open F&O P/L but that’s also not working. I have all details with Proof submitted everything to their team but still no Resolution          My Simple Advice from Grow team before launching any new Version pls check it properly all of these Issues have Started in New Version Older versions have not faced any issue so far but this new version has Hardly anything is working properly",,https://itunes.apple.com/in/review?id=11571875438,"Average: 4.5 | Ratings total: 214491 | Rating 5: 183612 | Rating 4: 14724 | Rating 3: 3474 | Rating 2: 2384 | Rating 1: 10297"
52,,Saa2391,45546.416168981,1,"Worst customer service","Grow has worst customer service and worst technology to handle switching of mutual fund ! Kindly don’t use this app ! I had requested for switching of one of my SBI mutual fund which is still pending and worst part is their customer support ! Their chat agents just reply in this format - when u open chat they will reply after 30-40mins greetings from grow then after 30-40mins they will say we have lot of workload and so wait for 5-7mins and then after 150mins they will ask how may I help and if u don’t reply in 1min they close this chat session and then again u have to open new chat ! I had created ticket which said u will get update in 12hrs but it’s more than 2days no update on ticket ! I made huge mistake and my money seems stuck as I got mail of switch out but it didn’t switched in other fund and in mutual fund list also I can’t see that SBI fund ! Plz don’t install and use this …use anything else except this !",,https://itunes.apple.com/in/review?id=11712128088,"Average: 4.5 | Ratings total: 214491 | Rating 5: 183612 | Rating 4: 14724 | Rating 3: 3474 | Rating 2: 2384 | Rating 1: 10297"
53,,"Dhruva Bharatwaj",45555.568587963,1,"The worst app if you want to do stoploss trailing","I can’t express how disgusting and disappointing I felt when I can’t even properly do SL TRAILING in this app, I bought my orders from one of the Options and when I change my SL this disgusting app doesn’t even sell it at my SL, yes I understand there are times when SL gets skipped but when we atleast manually press sell the order my money keeps going down without even processing the sell, it boldly says sell order placed and the money keeps going low All in all it’s imaginably frustrating when study so hard for getting right spots to buy and try make profit and finally when you want to get out of the market the app doesn’t respond and doesn’t process your sell or even your SL I don’t understand what sort of degenerates work on this",,https://itunes.apple.com/in/review?id=11744655441,"Average: 4.5 | Ratings total: 214491 | Rating 5: 183612 | Rating 4: 14724 | Rating 3: 3474 | Rating 2: 2384 | Rating 1: 10297"
54,,Vadapow,45560.441296296,1,"Few notes for devs","Problems with latest update :- Please work on adding new features instead of giving an update for UI.- While placing order and selecting quantities, the keyboard is now removed so I have to manually tap 36 times to get to 900 quantities. While I keep on tapping the trade is either missed or exited at unwanted prices.- The web platform could be 10x better if you add buy and sell options in the charts, just like Fyers and Dhan. Where you can trail the stop loss on moving chart itself.- You can’t place stop loss and target orders, first you have to purchase the order and then after that you can place stop loss and target order. Which makes the whole trade risky. Instead of providing Market/Limit order at trigger price with an option to set SL and Targets in the same order itself. (Upstox provides this)- Data provided in the chain is the most minimal compared to other trading platforms.I never write reviews but an update is supposed to make your trading better and not worse by removing the keyboard and just giving tap options. Idk how you guys came up with this stuff.",,https://itunes.apple.com/in/review?id=11762439010,"Average: 4.5 | Ratings total: 214491 | Rating 5: 183612 | Rating 4: 14724 | Rating 3: 3474 | Rating 2: 2384 | Rating 1: 10297"
55,,MFMithun,45626.726747685,4,"Nice app that can be even better!","Overall, I like using this app. Here are a few features I would like to see:1. More sort options. While exploring MFs, I would like to see the performance of MFs with different time ranges right from 1 month. Currently 2. Would like to have a feature that allows me to compare the performance of funds I have invested in.3. While exploration, I would like to see more collections such as MFs that provide fixed income MFs and MFs focused on stocks that pay dividends.4. Portfolio analysis can provide more in-depth analysis such as day-to-day changes. It is also not clear when the changes to MFs value gets updated after the market closes.",,https://itunes.apple.com/in/review?id=12009989641,"Average: 4.5 | Ratings total: 214491 | Rating 5: 183612 | Rating 4: 14724 | Rating 3: 3474 | Rating 2: 2384 | Rating 1: 10297"
56,,hitzy15,45630.161898148,2,"Below average Application with Satisfactory UI","The application is good in terms of UI but in term of usage, it is not robust. Every time there is a big event in the market, like a big fall or rise or events where there is a lot of traffic of people buying and selling stocks this app crashes and traders lose their money as they are not able to exit their positions in time. This has happened many times, twitter is filled with such tweets. Despite that Groww has failed to apologise. In terms of Mutual Fund, you have to constantly verify your holdings in groww by comparing your holdings in MF Central because a lot of times the same has mis matched and I had to raise a ticket to get it resolved. There is also no ticket resolving timeline and Groww can take as long as it wants to resolve your issues.",,https://itunes.apple.com/in/review?id=12023244903,"Average: 4.5 | Ratings total: 214491 | Rating 5: 183612 | Rating 4: 14724 | Rating 3: 3474 | Rating 2: 2384 | Rating 1: 10297"
57,,swiftwindwalker,45631.813217593,5,"Loving it so far !!","The Groww app is a user-friendly platform for investing in mutual funds, stocks, and other financial instruments. Its intuitive interface, easy onboarding, and educational resources make it a great choice for beginners. However, it lacks advanced charting tools and some features tailored for professional traders. Additionally, customer support response times can sometimes be slow. If you are not someone who is into day trading and are into long term investment with a clean UI. This is the app for you 👏",,https://itunes.apple.com/in/review?id=12029490116,"Average: 4.5 | Ratings total: 214491 | Rating 5: 183612 | Rating 4: 14724 | Rating 3: 3474 | Rating 2: 2384 | Rating 1: 10297"
58,,NitinSaini101,45643.679398148,5,"Better and reliable broker than others","I have used many brokers like ind money and Kotak Neo i have faced issues with these that can make you loose money Kotak have very bad downtimes and ind money was a surprise to me i placed a short order from nse intraday then when i tried to buy back it says that my nse account is not created i can’t do that what kind of blunder is that how was i able to place the order in first place btw this issue was not fixed even in a month still no account created issue my first broker was groww never had issues i have long term relationship with groww maybe it charges more sometimes but the things i experienced with other i believe groww is the reliable option",,https://itunes.apple.com/in/review?id=12074273375,"Average: 4.5 | Ratings total: 214491 | Rating 5: 183612 | Rating 4: 14724 | Rating 3: 3474 | Rating 2: 2384 | Rating 1: 10297"
59,,"Belliappa K K",45661.213935185,5,"King of Mutual funds","The best app ever in the App Store. I love grow app as it’s very simple and easy to use. We can also track stocks as well and sip investments so easy to update. This is a highly recommended for those interested in managing mutual funds. You can setup quick sip, choose your date, skip investments if required and edit the amount too whenever required and you can import all your  current mutual funds as well. Overall, grow is the best app in the market to manage our investments.",,https://itunes.apple.com/in/review?id=12142494226,"Average: 4.5 | Ratings total: 214491 | Rating 5: 183612 | Rating 4: 14724 | Rating 3: 3474 | Rating 2: 2384 | Rating 1: 10297"
60,,"Dhruv viradiya",45745.276643519,1,"Login Problem","I, along with my family and cousins, have been facing login problems with the Groww app for quite some time. High log-in difficulty is accompanied by high activity periods for the stock like huge dips or surges. I've missed crucial trades because of these blocks, and as a result, I've lost a lot of money. Why is this app so unreliable? A stock trading app should be the most reliable tool during crucial times since even a second can make a difference. If I can’t login to my account when I need it the most, what's the point of having an account with them? This is beyond a joke. I can’t afford to take a chance like this anymore. I am actively looking for a better stock trading app. The amount of people that are going to stop using the app will just keep increasing unless Groww does something about their sistems.",,https://itunes.apple.com/in/review?id=12477399416,"Average: 4.5 | Ratings total: 214491 | Rating 5: 183612 | Rating 4: 14724 | Rating 3: 3474 | Rating 2: 2384 | Rating 1: 10297"
61,,"Arnav Rakesh Patel",45774.573229167,2,"Changing my broker because of glitches in groww.","There have been a lot of glitches on Groww over the past month, which is why I’m changing my broker. I’m unable to place a stop-loss after taking a trade. Every time I try to set a stop-loss, it says that I need additional funds to sell the option. I don’t understand what this means. I don’t want to sell any option; I just want to place a stop-loss on the premium that I bought. But Groww keeps asking me to add funds to sell the premium.It also doesn’t allow me to buy stocks in the F&O segment for delivery. Every time I try to buy stocks for delivery, the order gets rejected. It only allows purchases in intraday.",,https://itunes.apple.com/in/review?id=12592070774,"Average: 4.5 | Ratings total: 214491 | Rating 5: 183612 | Rating 4: 14724 | Rating 3: 3474 | Rating 2: 2384 | Rating 1: 10297"
62,,Maddy121179,45814.178888889,4,"Bug introduced with latest update","Groww Team,With the latest release/update last week, a bug has been introduced which is very inconvenient. In the stocks tab, from the holding list or any other watchlist, if you view any particular stock and go back to view the list, it’ll scroll you to the top of the list automatically which is highly inconvenient. So if you have 40 stocks in your holding list and if you scroll down to view a stock at 3rd in the list from the bottom and come back to view the list, you will automatically be scrolled to the top of the list. Hope you understand what I am trying to say and will fix this asap.",,https://itunes.apple.com/in/review?id=12741232731,"Average: 4.5 | Ratings total: 214491 | Rating 5: 183612 | Rating 4: 14724 | Rating 3: 3474 | Rating 2: 2384 | Rating 1: 10297"
63,,"Alpha investors",45855.491053241,1,"Concern Regarding Increased DP Charges and Request for Revision","I am writing to express my concern regarding the recent revision in DP charges. It has come to my attention that the DP charges have now been changed from a ""per company per day"" basis to a ""per order"" basis, which I find quite disappointing.Additionally, the minimum brokerage of ₹5 on even a single stock purchase—compared to the earlier 0.01% (with a cap of ₹20)—makes it increasingly difficult for small retail investors like me to trade in low quantities. This change discourages participation in the market, especially for those who are just starting out or prefer small-volume investments.I sincerely request you to reconsider and revise the DP charge structure, making it more affordable and supportive of retail investors.",,https://itunes.apple.com/in/review?id=12902250690,"Average: 4.5 | Ratings total: 214491 | Rating 5: 183612 | Rating 4: 14724 | Rating 3: 3474 | Rating 2: 2384 | Rating 1: 10297"
64,,"Pawan Berry",45862.409918981,5,"Simplicity Meets Powerful Performance","The Groww app strikes an excellent balance between simplicity and powerful performance, making it ideal for both new and seasoned investors. Its clean, intuitive interface ensures smooth navigation, while fast execution and real-time updates deliver a seamless investing experience. Despite its minimalist design, Groww offers robust features like SIP tracking, portfolio analytics, and secure two-factor authentication. With transparent pricing and minimal clutter, it’s a reliable, no-nonsense tool that simplifies investing without compromising on functionality.",,https://itunes.apple.com/in/review?id=12930070706,"Average: 4.5 | Ratings total: 214491 | Rating 5: 183612 | Rating 4: 14724 | Rating 3: 3474 | Rating 2: 2384 | Rating 1: 10297"
65,,Shazam’s,45870.160069444,1,"Welcome to go for loosing money","I’m honestly fed up with the constant technical issues on the Groww app. It has become a nightmare to rely on during crucial trading hours. Multiple times, I’ve faced funding failures right when I needed to average my position—and because of this, I’ve had to watch potential profits turn into losses.What’s the point of a trading app if it fails when you need it the most?The most frustrating part is that these errors happen again and again, especially during market volatility or peak trading times. It seems like Groww isn’t prepared to handle real-time trading needs. There’s no proper warning, no quick resolution—just spinning wheels and payment failures.For a platform that promotes itself as user-friendly and reliable, this is totally unacceptable. I’ve lost both money and trust because of Groww’s poor infrastructure.If you’re serious about trading or investing actively, I would recommend looking for a more stable and professional platform. Groww is fine for watching charts, but when it comes to execution, it can fail you exactly when you need it most.",,https://itunes.apple.com/in/review?id=12961431665,"Average: 4.5 | Ratings total: 214491 | Rating 5: 183612 | Rating 4: 14724 | Rating 3: 3474 | Rating 2: 2384 | Rating 1: 10297"
66,,"Darshan J S",45872.290868056,1,"Hidden charges and support he’ll","You won’t get proper updates on hidden charges and debts, and you need support to understand what exactly happened, and when you try to contact support you need to wait for hours to talk with a representative, is this what customer service, you need to understand a simple thing but to speak with support costs you more then 20 minutes, and if you need to withdraw money it won’t allow, it says not at the moment it’s been 3 days I am not able to withdraw my money, and from 3 days I couldn’t not get the help from support, right now it’s been 12 minutes I am trying to connect with the support, I will take my withdrawal and done, I won’t use this worst app any more, done with its and its services, please take other platform these people are not responsible and responding, there is no way I am in such a difficult situation for my own money",,https://itunes.apple.com/in/review?id=12969899229,"Average: 4.5 | Ratings total: 214491 | Rating 5: 183612 | Rating 4: 14724 | Rating 3: 3474 | Rating 2: 2384 | Rating 1: 10297"
67,,"Pramod Mohanty",45878.187916667,1,"Does not like the process","When you land on this app  for first time then you will have only one option to sign, that email or gmail login, even if you don’t remember your credentials then there is no option to find out that and every time you use an email or phone then that will create an account and later when you use your pan number then it will say there already an account which is disgusting. And now when you try to login your old account details and then want to change the phone and email then it says can’t change account opening is in process, and when account opening is processed then it says phone number already used and then the funny part is we have to pay for the phone and email change, so tell me whose fault is this???",,https://itunes.apple.com/in/review?id=12993645747,"Average: 4.5 | Ratings total: 214491 | Rating 5: 183612 | Rating 4: 14724 | Rating 3: 3474 | Rating 2: 2384 | Rating 1: 10297"
68,,Harshkothari,45888.36212963,1,"Slow processing of transactions & price updation and bad customer care service.","The app is quite disappointing for serious traders. The stock prices update very slowly, which makes it difficult to take timely decisions—something that is absolutely essential in trading. On top of that, my mutual fund order has been stuck under “processing” even after 2 days, which shows poor backend efficiency. Needs major improvements in speed and reliability. The customer care service of this app is extremely poor. Calls get disconnected before the issue is resolved, and to make matters worse, the support tickets are marked as “resolved” even though the problem is still pending. This is very frustrating and shows a lack of accountability. Proper support is just as important as trading features, and this app needs serious improvement in its customer service.",,https://itunes.apple.com/in/review?id=13034488897,"Average: 4.5 | Ratings total: 214491 | Rating 5: 183612 | Rating 4: 14724 | Rating 3: 3474 | Rating 2: 2384 | Rating 1: 10297"
69,,"AK as AK",45914.288449074,3,"Groww Needs some Improvements.","Groww is an excellent app for trading, but there are a few issues and missing features that could make it much better:	1.	When indicators are added to the chart, they disappear after switching to full-screen mode. This happens on both the app and desktop version, and it becomes frustrating to re-add them repeatedly.	2.	Please add trailing stop loss, stop loss by percentage, and an option to set stop loss and take profit simultaneously. These features are common in trading platforms and will save users a lot of time.Fixing these points will make the app more polished and efficient for serious traders.",,https://itunes.apple.com/in/review?id=13135425599,"Average: 4.5 | Ratings total: 214491 | Rating 5: 183612 | Rating 4: 14724 | Rating 3: 3474 | Rating 2: 2384 | Rating 1: 10297"
70,,MoneyMatters:!,45933.212256944,2,"Broker glitch","The app is good and user friendly but it has a major issue of closing up positions in trading.I do think know if this happens to other people but many times when i try to exit my position, it won’t exit.I do everything right, my strategy, stop loss, target, but when i reach my target and try to manually exit the position, it won’t exit, and no this is not always the case as sometimes the entry and exit are instant but in a high volume stock where there is so many shares and noise all over, the position becomes glitchy And it didn’t bothered me that much until today, i tried to exit my position at a profit of Rs240, which is not a lot for many of you, but for me with a 3k total capital in my account balance, THIS HURT, as my 240 profit turned into 23. I had to cancel the order because i panicked as the taxes and brokerage would eat up 40-50 rupees, so yeah i made a loss after trying to exit at 240 profit Now tell me, if a person like me who is trying to learn trading with a limited capital gets a 240 profit on a 3k account but then the app decides to slap his face, how would you guys feel.",,https://itunes.apple.com/in/review?id=13216622156,"Average: 4.5 | Ratings total: 214491 | Rating 5: 183612 | Rating 4: 14724 | Rating 3: 3474 | Rating 2: 2384 | Rating 1: 10297"
71,,ShamimaKhan,45983.061863426,5,"Grow with Groww","Groww has quickly emerged as one of India's top trading and wealth management apps, praised for its intuitive user interface, wide range of features, and transparent pricing. The app offers seamless investing in stocks, mutual funds, IPOs, and advanced options trading tools, making it accessible for both beginners and experienced investors. Its user-friendly design and secure platform—with features like 128-bit encryption—provide a safe and efficient investment experience for millions of Indians.The recent merger with Fisdom Private Wealth marks a transformational milestone for Groww, elevating it to India’s top wealth advisory platform.This strategic acquisition—valued at around $150 million—adds robust wealth management offerings including mutual funds, pension services, and insurance to Groww’s already expansive investment suite. The integration of Fisdom’s expertise and team strengthens Groww’s capability to serve HNI and affluent clients through personalized and comprehensive advisory services.Groww’s deep penetration into Tier-2 and Tier-3 cities and a large, young user base reflect its commitment to financial inclusion and tech-driven empowerment in India.Following the merger, Groww now leverages Fisdom’s wealth solutions and its own massive retail network, ensuring clients get access to the best-in-class wealth management, superior advisory, and innovative investment products with continued customer-first values.Overall, Groww stands out for:- Simple, smooth, and secure trading and investment platform.- Strong customer ratings and industry-leading active user count].- Enhanced wealth advisory and diversified financial products post-Fisdom merger.- Excellent support for both retail investors and affluent HNI clients.This bold move has set Groww apart as India’s foremost modern wealth advisory and investment gateway, trusted by millions for all their financial growth needs.",,https://itunes.apple.com/in/review?id=13425962698,"Average: 4.5 | Ratings total: 214491 | Rating 5: 183612 | Rating 4: 14724 | Rating 3: 3474 | Rating 2: 2384 | Rating 1: 10297"
72,,"Sundar VS",46020.351111111,5,"A clean and user friendly Investment App","I have been using the Groww app since its early days after it was launched. What first attracted me was its clean, simple, and eye-catching interface, which made investing feel less complicated. The app is very easy to understand, even for beginners, and the transaction process is smooth and quick. Everything from buying stocks to tracking investments feels straightforward and hassle-free. Overall, Groww has made investing more comfortable and accessible for me, which is why I continue to use and trust the app.",,https://itunes.apple.com/in/review?id=13567980832,"Average: 4.5 | Ratings total: 214491 | Rating 5: 183612 | Rating 4: 14724 | Rating 3: 3474 | Rating 2: 2384 | Rating 1: 10297"
73,,"Arvind Paul.",46024.546469907,5,"Simple and Easy","Groww is one of the easiest and most user-friendly investment apps I have used.The interface is very simple and clean, which makes investing in stocks, mutual funds, and other assets extremely smooth — even for beginners.All important information like prices, charts, portfolio performance, and transaction history is clearly displayed.The app is fast, reliable, and the overall experience is very comfortable.Highly recommended for anyone who wants a hassle-free investing experience.",,https://itunes.apple.com/in/review?id=13585116318,"Average: 4.5 | Ratings total: 214491 | Rating 5: 183612 | Rating 4: 14724 | Rating 3: 3474 | Rating 2: 2384 | Rating 1: 10297"
74,,BigShortHawk,46037.313402778,5,"Removal of Top Mutual Funds Section from Stocks page","Hey Groww team , I have been using groww for the past three years and it has been amazing to use. The application is user friendly and the ux looks clean. Since today , i think the team has removed the Top mutual funds section from the page of a particular stock. I really liked that section as it helped me visualize whether my funds were invested in good stocks or not. It even helped me to put some lumpsome amount in my fund if the timing was good. I sincerely request you to bring back that section as it helped me and many other retail investors who were regularly checking it.Lots of ❤️❤️",,https://itunes.apple.com/in/review?id=13635252607,"Average: 4.5 | Ratings total: 214491 | Rating 5: 183612 | Rating 4: 14724 | Rating 3: 3474 | Rating 2: 2384 | Rating 1: 10297"
75,,TechieShopper42,46039.334756944,4,"A Reliable and User-Centric Investment Platform","Groww is an efficient and well-designed platform that simplifies the investment experience for both new and seasoned investors. The app’s user interface is clean and intuitive, enabling users to seamlessly manage mutual funds, stocks, and ETFs. The onboarding process, including KYC verification, is smooth, and transactions are executed promptly with clear transparency.While the overall performance is commendable, the platform could benefit from enhanced analytical tools and more responsive customer support. Nevertheless, Groww remains a reliable and comprehensive solution for users looking to manage and monitor their investments effectively.",,https://itunes.apple.com/in/review?id=13642862350,"Average: 4.5 | Ratings total: 214491 | Rating 5: 183612 | Rating 4: 14724 | Rating 3: 3474 | Rating 2: 2384 | Rating 1: 10297"
76,,Shashwat1677,46048.767256944,1,"Extremely Disappointing Experience – Worst Customer Support","I took a loan against my mutual funds through the Groww app. I have fully cleared all my loan payments, yet I am still unable to sell my mutual funds because they remain pledged.The worst part is that the app does not provide any direct option to unpledge mutual funds after loan closure. The only option given is to call customer support — which is absolutely pathetic.I have called more than 100 times. Every single time, the IVR says “Your queue position is 1”, then after 10 minutes and 30 seconds, the call goes completely silent and disconnects. You are forced to call again and face the same issue repeatedly. This feels intentional and highly unprofessional.There is no callback, no resolution, no accountability. For a fintech app handling people’s investments, this level of service is unacceptable. My money is effectively stuck even after clearing all dues.This is by far the worst app experience I have ever had. Poor design, zero transparency, and horrible customer support.Strongly advise everyone to stay away from Groww, especially for loan-against-MF services. Once your funds are pledged, getting them released is a nightmare.",,https://itunes.apple.com/in/review?id=13678664748,"Average: 4.5 | Ratings total: 214491 | Rating 5: 183612 | Rating 4: 14724 | Rating 3: 3474 | Rating 2: 2384 | Rating 1: 10297"
77,,"Rajas saraf",46051.5165625,5,"Unfair Practice – Mutual Fund Units Stored in DEMAT Without Investor Consent","I’ve been using the Groww App for mutual fund investments, but I’m quite disappointed with a major concern that hasn’t been addressed.Groww is directly storing mutual fund units in DEMAT format without taking proper consent or providing clear choice to investors regarding their preferred holding format — whether DEMAT or SOA (Statement of Account).Many investors prefer SOA format as it gives more flexibility (especially for switching platforms or offline transactions) and avoids unnecessary DP charges. However, Groww doesn’t offer an option to choose and automatically links all investments to the DEMAT account held with them.This is not just a matter of user experience, but an important investment decision, and Groww must take explicit consent from the investor before choosing the holding format. For a platform that claims to be investor-friendly, this is quite disappointing.I hope Groww takes this feedback seriously and starts providing the option to select the holding mode during mutual fund investment – the way other platforms like Sharekhan or MF Central do.",,https://itunes.apple.com/in/review?id=13688873290,"Average: 4.5 | Ratings total: 214491 | Rating 5: 183612 | Rating 4: 14724 | Rating 3: 3474 | Rating 2: 2384 | Rating 1: 10297"
78,,San2448,46059.15255787,5,"Groww - A complete package","News updates on email, reports such as dividend, my xirr as compared to nifty50, yearly graphs of indexes and stock(s) performance, among others are really helping me to establish a comprehensive understanding of stock market and generating returns on the money invested. Besides, and perhaps most important of all, investing (through Groww) has given me a purpose in life where smaller or meaningless distractions do not eat into my time which can now be put to best use here and reading some relevant content.",,https://itunes.apple.com/in/review?id=13717908116,"Average: 4.5 | Ratings total: 214491 | Rating 5: 183612 | Rating 4: 14724 | Rating 3: 3474 | Rating 2: 2384 | Rating 1: 10297"
79,,IAmIndranil,46072.832789352,3,"Okay App Worst Customer Support","Groww you guys have the worst customer support. You claim to support 24/7 but in reality you don't respond at all. Your support executive attitude is like they are all millionaires and they are doing some favour by answering clients questions. I have been ""Zerodha"" user as well. Their support isn't 24/7 however their support does respond. Just because of your support I cannot trust to hold large investment on your platform. Kindly improve otherwise serious long term investors will go away. Your pricing model is anyway not very optimum. Your charge per trade. There are various other platforms which offer better services. Just waiting for the right time. Then I will redeem all the investments and move away from your platform.",,https://itunes.apple.com/in/review?id=13767236630,"Average: 4.5 | Ratings total: 214491 | Rating 5: 183612 | Rating 4: 14724 | Rating 3: 3474 | Rating 2: 2384 | Rating 1: 10297"
80,,"Bhawan Bisht",46087.347083333,5,Grow💵💵,"“I have been using Groww for the past 4 years. My overall experience has been very good. The app is simple, clean, and easy to use, especially for beginners. Buying and selling stocks is very smooth, and the charts and portfolio are easy to understand.Deposits and withdrawals usually work quickly, which makes trading convenient. Sometimes the app can be a little slow during high market activity, but overall it has been a reliable platform for me.After using it for 4 years, I can say Groww is a good platform for investing and trading.”",,https://itunes.apple.com/in/review?id=13818898470,"Average: 4.5 | Ratings total: 214491 | Rating 5: 183612 | Rating 4: 14724 | Rating 3: 3474 | Rating 2: 2384 | Rating 1: 10297"
81,,Imsuresh206,46099.820243056,5,"Good and Smooth Experience, Improve iPad Compatibility","Overall, my experience with the Groww app has been really good. The interface is clean, simple, and very user-friendly, which makes investing and tracking portfolios quite easy even for beginners.However, one issue I’ve noticed is on the iPad. The app does not utilize the full screen and instead appears like a mobile version, which affects the overall experience on a larger device. It would be great if the team could consider adding proper iPad support with a full-screen optimized layout.Apart from this, the app works smoothly and delivers a solid experience.",,https://itunes.apple.com/in/review?id=13862135293,"Average: 4.5 | Ratings total: 214491 | Rating 5: 183612 | Rating 4: 14724 | Rating 3: 3474 | Rating 2: 2384 | Rating 1: 10297"
82,,"Satya 1184",46108.532569444,3,"Great Platform, But Where is the iPad App?","Groww offers one of the most intuitive and clean interfaces for investing, but it is becoming increasingly difficult to overlook the lack of a native iPadOS application.While the iPhone app is excellent, using it on an iPad feels like a massive step backward. Currently, iPad users are forced to use the scaled-up iPhone version, which results in:Wasted Space: Massive black bars on the sides and a layout that doesn't utilize the extra screen real estate for multi-chart viewing or deeper data analysis.Inconvenience: Most major competitors already offer dedicated, high-resolution iPad apps that allow for a much more professional ""terminal"" feel.For a platform that prides itself on technology and user experience, it’s disappointing that power users are stuck with a mobile-only layout. Navigating complex portfolios or analyzing candlesticks is far more convenient on a tablet, but only if the app is designed for it.Bottom line: Please bring a dedicated iPad app to the ecosystem. Until then, it’s hard to call this a complete cross-platform solution.",,https://itunes.apple.com/in/review?id=13892430549,"Average: 4.5 | Ratings total: 214491 | Rating 5: 183612 | Rating 4: 14724 | Rating 3: 3474 | Rating 2: 2384 | Rating 1: 10297"
83,,"Nerdy Hostile Athlete",46115.235277778,3,"Great info-dense app but can do better","The app is very functional, reliable and feature rich but it can get way better.1. Cut the clutter - The app doesn’t always need to throw stuff at my face. Please remove unnecessary suggestions or popular funds, I won’t throw in money on new things everytime I open the app. Atleast give a toggle to turn it off or add a collapse button to hide it when I don’t need it. (and the collapse should remember)2. Add a Live Gold and Silver price ticker and graph, I miss this the most after I left TickerTape app.3. Refine the app, although it’s better than before, it still at someplace feels like a web app,  it jitters and lags.4. Give the user an option to set a Default HomePage when they launch the app. (I only want to see mutual funds dashboard when I launch in, not explore)5. Why this upi and loans? I don’t get it. (Please be merciful and let the user turn them off/disappear from the navigation tab below)I just want a clean and straight to the point experience from my broker with which I entrust my money. 💰",,https://itunes.apple.com/in/review?id=13916732468,"Average: 4.5 | Ratings total: 214491 | Rating 5: 183612 | Rating 4: 14724 | Rating 3: 3474 | Rating 2: 2384 | Rating 1: 10297"
84,,AdityaJaiswâl,46116.6440625,3,"iPad Version Performance & UI Issues","I would like to share my feedback regarding the iPad version of the Groww app. While the platform is efficient and user-friendly on mobile devices, the experience on iPad currently requires improvement.Firstly, the app interface does not appear to be fully optimized for iPad dimensions. The layout feels stretched and misaligned, which affects usability and overall visual appeal. A dedicated iPad-responsive design would significantly enhance the experience.Secondly, there are noticeable performance issues with charts. The charts tend to lag during interaction, especially while scrolling, zooming, or switching timeframes. This delay can hinder effective analysis, particularly for active traders who rely on real-time responsiveness.These issues impact both usability and efficiency. I hope the development team considers optimizing the app for iPad screens and improving chart performance in upcoming updates.Thank you for your attention to this matter.",,https://itunes.apple.com/in/review?id=13921965109,"Average: 4.5 | Ratings total: 214491 | Rating 5: 183612 | Rating 4: 14724 | Rating 3: 3474 | Rating 2: 2384 | Rating 1: 10297"
85,,"Mukesh kurrey",46125.191226852,1,"Interface for ipads","The app really needs a proper interface designed specifically for iPad. Right now, it is quite difficult and uncomfortable to use on a larger screen. The layout does not feel optimized, and many elements seem stretched or poorly aligned, which affects usability.Navigation can also be confusing at times, and simple tasks take more effort than they should. An iPad-friendly interface with better spacing, improved responsiveness, and optimized controls would make a big difference in the overall user experience.I hope the developers consider adding a dedicated iPad interface in future updates, as it would greatly improve accessibility and ease of use.",,https://itunes.apple.com/in/review?id=13952437812,"Average: 4.5 | Ratings total: 214491 | Rating 5: 183612 | Rating 4: 14724 | Rating 3: 3474 | Rating 2: 2384 | Rating 1: 10297"
86,,"Akshar 😀",46135.104039352,2,"I am using the Groww app for mutual fund investments, and overall experience is good, but ….","1) Mandate (AutoPay) Limits  Currently, AutoPay mandate is quite restrictive:  - UPI mandate is limited (generally up to ₹1–2 lakh depending on bank)  - Net banking mandate allows only up to around ₹5 lakh  - Default practical usage often stays near ₹1 lakh for seamless transactions  Because of this, it becomes very difficult for serious investors to invest large lump sum amounts.For example:  - If I want to invest ₹10 lakh or more in one go during market correction, it is not possible smoothly using mandate  - I have to split transactions or use manual payment, which defeats the purpose of AutoPay  Other platforms like NJ Wealth provide higher mandate flexibility (₹20–50 lakh or more), which is much more practical for high-value investors.👉 Request:  Please introduce higher mandate limits (₹20–50 lakh or customizable based on user profile and bank approval), especially via net banking/eMandate.---2) Limited SIP Frequency Options  Currently, SIP options are limited to monthly (and some dates).  👉 Missing features:  - Daily SIP option  - Weekly SIP option  These are very useful for:  - Better cost averaging  - Investing during volatile markets  - More flexible cash flow management  Many investors prefer daily/weekly SIP to capture market movements more effectively.---✅ Overall:  Groww is a very user-friendly and excellent platform, but these limitations make it less suitable for high-value and advanced investors.Improving mandate limits and adding flexible SIP frequencies will significantly enhance the platform experience.",,https://itunes.apple.com/in/review?id=13987145533,"Average: 4.5 | Ratings total: 214491 | Rating 5: 183612 | Rating 4: 14724 | Rating 3: 3474 | Rating 2: 2384 | Rating 1: 10297"
87,,Wilderxbrutal,46163.425509259,1,"DONT USE THIS PLATFORM FOR TRADING","Do not use this broker for trading or F&O. Use it only for investments, SIPs, or mutual funds.Absolutely avoid it for F&O and commodities. Their so-called 9:15 platform is extremely frustrating and unreliable. It constantly freezes and becomes unusable when you actually need it most.Whenever you:• Try to execute an order — it gets stuck• Change the timeframe — it gets stuck• Click Buy/Sell — it gets stuck• Modify trailing stop-loss or target orders — it gets stuckI have made plenty of losses over the past 2 weeks because of this incompetent and useless platform. Delays and execution issues in trading are not minor inconveniences — they directly affect money and trading decisions.The worst part is that even after providing live screen recordings of the issue, the only response from support is the usual: “Clear browser data and reinstall the app.”That is not a solution when real money and trade execution are involved. Reliability during market hours is the most basic requirement of a trading platform, and repeatedly facing such issues is unacceptable.P.S. This review is specifically for the web terminal on MacBook.",,https://itunes.apple.com/in/review?id=14088747804,"Average: 4.5 | Ratings total: 214491 | Rating 5: 183612 | Rating 4: 14724 | Rating 3: 3474 | Rating 2: 2384 | Rating 1: 10297"
88,,"G3R4RD LOBO",46171.161712963,5,"Glow with Groww","I’ve had a fantastic experience using Groww. The app is clean, intuitive, and incredibly easy to navigate—even for beginners. What really stands out is the zero brokerage, which makes investing much more cost-effective.From stocks and mutual funds to SIPs and tracking portfolio performance, everything is seamlessly integrated in one place. Transactions are smooth, reports are clear, and the overall user experience is excellent.If you’re looking for a reliable, no-nonsense investing platform that makes wealth creation simple and affordable, Groww is a great choice.",,https://itunes.apple.com/in/review?id=14118058999,"Average: 4.5 | Ratings total: 214491 | Rating 5: 183612 | Rating 4: 14724 | Rating 3: 3474 | Rating 2: 2384 | Rating 1: 10297"
89,,Emkay26779,46185.211400463,4,"Dashboard blues","Thanks for the new features in the latest update! But I have a complaint…. Earlier I could navigate back to my Dashboard whether I chose mutual funds or stocks and stayed there across interfaces. But in this latest update whenever I choose a new screen option it goes to the ‘explore’ page by default. Like while checking the details of my stocks from dashboard and clicking back, it takes me to the explore page again instead of the Dashboard. That is quite irritating, especially when you want to check multiple things in your Dashboard. Please correct this in your next update! Thanks",,https://itunes.apple.com/in/review?id=14172581953,"Average: 4.5 | Ratings total: 214491 | Rating 5: 183612 | Rating 4: 14724 | Rating 3: 3474 | Rating 2: 2384 | Rating 1: 10297"
90,,Abi14507455,46194.216574074,5,"Decent app","The app is otherwise ok and stable. While redeeming the money from MFs the app always has a default option to credit the amount to groww balance instead of bank account. A user has to manually switch to bank account each time if they dont want it to be credited to wallet. Please keep the default option as bank account and not wallet. In emergencies this manual switch is easily skipped and  then  it takes 1 additional day to transfer money to bank account from wallet which is just inconvenient. Instead the wallet should be optional and default should be bank account for crediting the redeemed balance.",,https://itunes.apple.com/in/review?id=14207840972,"Average: 4.5 | Ratings total: 214491 | Rating 5: 183612 | Rating 4: 14724 | Rating 3: 3474 | Rating 2: 2384 | Rating 1: 10297"
91,,"Kamil turkey",46195.323599537,5,"My Experience","I've been using this app for several months, and it's been a great experience. The interface is user-friendly, making it easy to track investments and execute trades. The market data is updated quickly, and the educational resources have helped me make more informed decisions. Deposits and withdrawals have been smooth, and customer support has been responsive whenever I've needed assistance. I would recommend this app to both beginners and experienced investors.",,https://itunes.apple.com/in/review?id=14211972807,"Average: 4.5 | Ratings total: 214491 | Rating 5: 183612 | Rating 4: 14724 | Rating 3: 3474 | Rating 2: 2384 | Rating 1: 10297"
92,,San-panda86,46202.303449074,5,"Beat app in India","The best brokerage app in India. There are many and I might not have used all but have used good share of it. I can say of all the apps where you can invest, trade, get knowledge, search for information etc etc. this is the best as it has everything. Very friendly user interface, ease to use and best part is it keeps on giving usage tips every know and then. Every option has an explanation and very helpful AI, which informs you anything you can ask related to stock market of course. And most of all it is free.",,https://itunes.apple.com/in/review?id=14239828546,"Average: 4.5 | Ratings total: 214491 | Rating 5: 183612 | Rating 4: 14724 | Rating 3: 3474 | Rating 2: 2384 | Rating 1: 10297"
93,,Mitesh5108-,46215.421828704,4,"Feature Suggestion: Option to track returns for individual investments/lumpsums","IF I invest in mutual funds 4 times a year (quarterly lumpsum) instead of a monthly SIP. Currently, the app shows the overall combined return of the fund. It would be extremely helpful if Groww could show separate returns (XIRR/Absolute) for each individual investment month or transaction.For example, if I invest in January, April, July, and October, I want to see the specific return of my January investment separately from my April investment. Please consider adding this feature to track separate investment slots!",,https://itunes.apple.com/in/review?id=14293547896,"Average: 4.5 | Ratings total: 214491 | Rating 5: 183612 | Rating 4: 14724 | Rating 3: 3474 | Rating 2: 2384 | Rating 1: 10297"
94,,"Sanil save",46232.422511574,5,"User friendly interface","Groww is an excellent trading and investment app, especially for beginners as well as experienced investors. The app interface is extremely clean, simple, and user-friendly, making investing stress-free. Opening an account is quick, and everything from stocks, mutual funds, ETFs, IPOs, and F&O is available on one platform.What I really like is the transparent pricing with zero AMC, fast order execution, and detailed stock & mutual fund information that helps in making informed decisions. The app runs smoothly without lag, and fund transfer & withdrawals are quick and hassle-free.Customer support is responsive, and regular updates keep improving the experience. Overall, Groww has made investing easy, safe, and convenient. Highly recommended for anyone serious about growing their wealth 📈",,https://itunes.apple.com/in/review?id=14361858579,"Average: 4.5 | Ratings total: 214491 | Rating 5: 183612 | Rating 4: 14724 | Rating 3: 3474 | Rating 2: 2384 | Rating 1: 10297"
95,,Yogendrapoonia77,46237.196944444,5,"Very handy and safe app","I would like to sincerely appreciate the vision and efforts of the founders behind this app. It truly feels like a complete package under one roof—bringing together knowledge, assistance, and practical solutions in such a seamless and user-friendly way.Whether it’s professional drafting, quick information, or day-to-day guidance, the platform consistently delivers with accuracy and efficiency. It saves time, reduces effort, and enhances productivity, making it an invaluable companion in both personal and professional life.Kudos to the entire team for creating such a powerful and reliable tool. Your innovation is genuinely making a difference!",,https://itunes.apple.com/in/review?id=14381319370,"Average: 4.5 | Ratings total: 214491 | Rating 5: 183612 | Rating 4: 14724 | Rating 3: 3474 | Rating 2: 2384 | Rating 1: 10297"
96,,"Jk girlfriend",46240.540555556,1,"Dont trade on this app so many glitches while trading you will loose your captial for sure","I am writing to express my extreme disappointment with the repeated glitches and technical failures on the Groww app.Today was the final straw. A trading platform should be reliable, especially during market hours when every second matters. Instead, I have repeatedly experienced issues that have affected my trading experience and confidence in your platform.It is incredibly frustrating to trust an app with my hard-earned money only to face technical glitches when reliability matters the most. These recurring problems have caused unnecessary stress and have made trading through Groww an unpleasant experience.Because of these repeated failures, I have decided to withdraw my trading journey from Groww. This has been, without a doubt, the worst trading platform experience I have ever had. I expected stability and professionalism, but instead I encountered glitches and poor reliability.I request that you investigate these issues seriously. No trader should have to suffer losses, anxiety, or missed opportunities because of platform failures.I will be moving my trading activities elsewhere. I hope you take customer complaints like this seriously and improve your platform for those who continue to use it.Extremely disappointed,",,https://itunes.apple.com/in/review?id=14394872306,"Average: 4.5 | Ratings total: 214491 | Rating 5: 183612 | Rating 4: 14724 | Rating 3: 3474 | Rating 2: 2384 | Rating 1: 10297"
97,,"Piyush Bhonde",46244.58537037,5,"Excellent app for investing!","Groww is extremely easy to use, even for someone who doesn’t have much expertise in investing. The interface is simple, clean and intuitive, making it easy to understand and manage investments.The dashboard is particularly useful—it gives a quick and clear overview of investments, returns and portfolio performance. I really appreciate how everything is organised without making the app feel complicated.Overall, a very user-friendly platform for both beginners and experienced investors. Highly recommended!",,https://itunes.apple.com/in/review?id=14410652015,"Average: 4.5 | Ratings total: 214491 | Rating 5: 183612 | Rating 4: 14724 | Rating 3: 3474 | Rating 2: 2384 | Rating 1: 10297"
98,,Babu_pdtd,46252.573506944,5,"I first started my stock investment and SIP in this app only from 2023","I began my stock market investment journey and SIPs with the Groww trading app in 2023, and it has been a great experience so far. As a beginner, I found the app extremely user-friendly and easy to understand. The clean interface, simple navigation, and clear explanations made investing feel less intimidating.Starting SIPs and investing in stocks was smooth, and tracking my portfolio has been very convenient. Over time, I have been able to accumulate funds consistently, and I’m really happy to see that my investments are growing steadily. The app provides helpful insights and updates that keep me informed about my investments.Overall, Groww is a reliable and beginner-friendly app for anyone who wants to start their investment journey with confidence. I’m satisfied with my experience and happy with the progress of my funds.",,https://itunes.apple.com/in/review?id=14442878622,"Average: 4.5 | Ratings total: 214491 | Rating 5: 183612 | Rating 4: 14724 | Rating 3: 3474 | Rating 2: 2384 | Rating 1: 10297"
99,,A65784,46264.192604167,1,"App loading time is crazy high - very bad UX","Groww app has been terrible off late. Takes almost a minute to open up, user is supposed to wait ages to just open the app? Tried sending in app feedback reports multiple time about the same in hopes that it might be fixed, but sadly no one has looked at it. It has only gotten more slower if anything. Takes too long to open the app (it's stuck on the loading spinner while opening the app), and once app opens there's another spinner on each of stocks and mutual fund screen which again takes good 10-15 sec to load the initial home screen data. This is too long and not acceptable at all, extremely unresponsive app. Been a happy Groww user since very long, app never had this issue - only seems to be an issue since the past few months (dont remember precisely). Will switch to some other app if this is not fixed asap, such insane app loading times are totally unacceptable.",,https://itunes.apple.com/in/review?id=14488558583,"Average: 4.5 | Ratings total: 214491 | Rating 5: 183612 | Rating 4: 14724 | Rating 3: 3474 | Rating 2: 2384 | Rating 1: 10297"
100,,B3ASTY06,46267.253738426,1,"Account frozen, useless support, cost me thousands","I have been locked out of my own investments due to a ""ReKYC"" process that the app explicitly claims takes ""1-2 days."" It has now been well over a week, and my account is still completely frozen with a systemic error stating onboarding is not allowed.Because Groww restricted my account, I was prevented from executing a time-sensitive sell order on August 28th. I urgently requested their support chat to manually execute the trade on my behalf to prevent a financial hit, but I was completely ignored. As a direct result of this operational failure and their account lock, my position dropped, and I suffered a direct loss of ₹4,000 in profits that I was actively trying to book.The customer service is abysmal. The escalation team operates in a continuous loop, closing out my tickets with automated, copy-pasted templates stating the issue is ""prioritized"" and ""forwarded to the concerned team,"" yet the account remains blocked and the issue is never actually resolved.If you want a reliable broker where you can actually access your portfolio and sell your shares during crucial market moments, look elsewhere. Groww's system delays and completely unresponsive support will literally cost you money.Highly disappointing experience.",,https://itunes.apple.com/in/review?id=14500632990,"Average: 4.5 | Ratings total: 214491 | Rating 5: 183612 | Rating 4: 14724 | Rating 3: 3474 | Rating 2: 2384 | Rating 1: 10297"
